image_id,actual_label,predicted_label,confidence
ISIC_0032095,mel,mel,0.7486
ISIC_0033338,nv,nv,0.5851
ISIC_0024834,nv,nv,0.9778
ISIC_0026244,nv,nv,0.9748
ISIC_0024633,nv,nv,0.9996
ISIC_0032255,nv,nv,0.9995
ISIC_0032208,nv,nv,0.9998
ISIC_0031457,df,df,1.0
ISIC_0033636,mel,mel,0.9419
ISIC_0027542,nv,nv,0.9996
ISIC_0027437,bkl,mel,0.7383
ISIC_0027984,nv,bkl,0.5817
ISIC_0025970,nv,nv,0.689
ISIC_0026741,nv,nv,0.9874
ISIC_0030005,bkl,df,0.6463
ISIC_0026604,mel,akiec,0.9952
ISIC_0028278,nv,nv,0.9965
ISIC_0032423,nv,mel,0.7706
ISIC_0026075,nv,nv,0.9773
ISIC_0026170,nv,nv,1.0
ISIC_0026948,nv,nv,0.9998
ISIC_0024391,nv,nv,0.9975
ISIC_0025199,bkl,bkl,0.923
ISIC_0024768,nv,nv,0.9689
ISIC_0029964,nv,nv,0.9989
ISIC_0030927,nv,nv,0.9998
ISIC_0026616,nv,nv,0.9997
ISIC_0032307,bcc,bkl,0.8217
ISIC_0027512,nv,nv,0.5052
ISIC_0032280,bkl,bkl,0.9976
ISIC_0032658,nv,nv,0.8305
ISIC_0029983,nv,mel,0.589
ISIC_0027598,df,df,0.7102
ISIC_0033437,bkl,bkl,0.8254
ISIC_0024930,mel,mel,0.8959
ISIC_0025493,nv,nv,0.9994
ISIC_0025191,nv,nv,0.9996
ISIC_0031354,nv,mel,0.8124
ISIC_0026752,nv,nv,0.9952
ISIC_0030907,nv,nv,0.9214
ISIC_0029007,nv,nv,0.9066
ISIC_0024360,bcc,bcc,0.9707
ISIC_0025109,nv,nv,0.9993
ISIC_0027456,nv,nv,0.9981
ISIC_0030113,nv,nv,0.5564
ISIC_0032604,mel,mel,0.9941
ISIC_0033889,nv,nv,0.7343
ISIC_0029936,nv,nv,0.9882
ISIC_0034015,bcc,bkl,0.4516
ISIC_0030483,nv,nv,0.9991
ISIC_0027029,nv,nv,0.9992
ISIC_0033884,bkl,bkl,0.9245
ISIC_0033842,nv,nv,0.9746
ISIC_0034232,nv,nv,0.7907
ISIC_0026239,mel,mel,0.9908
ISIC_0029499,nv,nv,0.9469
ISIC_0030740,nv,nv,0.9674
ISIC_0026209,nv,akiec,0.8323
ISIC_0029276,nv,nv,0.9125
ISIC_0029811,akiec,akiec,0.9999
ISIC_0028609,nv,nv,0.9999
ISIC_0029282,nv,nv,0.9992
ISIC_0029438,nv,nv,0.514
ISIC_0033209,mel,mel,0.9981
ISIC_0029171,nv,nv,0.9968
ISIC_0031183,nv,nv,0.999
ISIC_0032841,mel,mel,0.9998
ISIC_0032145,nv,nv,0.9947
ISIC_0031941,mel,mel,0.9739
ISIC_0026183,nv,nv,0.9975
ISIC_0034316,mel,mel,1.0
ISIC_0031592,nv,nv,0.9871
ISIC_0026126,nv,nv,0.9632
ISIC_0031122,bcc,bcc,0.9999
ISIC_0028745,nv,nv,0.9997
ISIC_0024670,nv,nv,1.0
ISIC_0032627,nv,nv,0.8716
ISIC_0030994,nv,nv,0.9068
ISIC_0028457,bcc,bcc,0.9996
ISIC_0024556,nv,nv,0.9994
ISIC_0025251,nv,nv,0.9558
ISIC_0028053,nv,nv,0.9996
ISIC_0034118,mel,mel,0.9995
ISIC_0029860,akiec,akiec,1.0
ISIC_0033932,nv,nv,0.8266
ISIC_0030119,mel,mel,0.9996
ISIC_0033799,nv,nv,0.9497
ISIC_0026687,bcc,bcc,0.4371
ISIC_0030573,nv,nv,0.9984
ISIC_0026698,nv,nv,0.5612
ISIC_0028021,nv,nv,0.9535
ISIC_0031865,nv,nv,0.9975
ISIC_0024975,nv,mel,0.9218
ISIC_0024512,nv,nv,0.9798
ISIC_0024798,nv,nv,0.9801
ISIC_0032516,nv,nv,0.8224
ISIC_0025563,nv,nv,0.981
ISIC_0025619,nv,nv,0.5709
ISIC_0031144,nv,nv,0.9998
ISIC_0031733,nv,vasc,0.7654
ISIC_0033414,bkl,bkl,0.8136
ISIC_0032441,mel,mel,0.96
ISIC_0034161,bcc,bcc,0.9995
ISIC_0030974,nv,nv,0.9999
ISIC_0025452,vasc,vasc,1.0
ISIC_0032196,nv,nv,0.9997
ISIC_0025463,nv,nv,0.6807
ISIC_0026920,nv,nv,0.9997
ISIC_0027768,nv,mel,0.9572
ISIC_0033251,nv,bkl,0.6642
ISIC_0024786,bkl,bkl,0.9966
ISIC_0031813,nv,nv,0.9853
ISIC_0028458,nv,nv,1.0
ISIC_0025651,mel,mel,0.9235
ISIC_0032036,mel,mel,0.9972
ISIC_0033275,mel,mel,0.9839
ISIC_0033988,nv,nv,0.7647
ISIC_0031256,nv,nv,0.9905
ISIC_0028590,nv,nv,0.7703
ISIC_0030059,nv,nv,0.8795
ISIC_0032244,mel,mel,0.9996
ISIC_0028949,nv,nv,0.9899
ISIC_0032481,bkl,bkl,0.9291
ISIC_0030197,bcc,akiec,0.8191
ISIC_0026597,nv,nv,0.9941
ISIC_0033056,bkl,bkl,0.9993
ISIC_0024578,nv,nv,0.9765
ISIC_0025180,bkl,bkl,0.9999
ISIC_0029736,nv,nv,0.989
ISIC_0030448,nv,nv,0.7863
ISIC_0033179,nv,nv,0.9831
ISIC_0033259,nv,nv,0.8234
ISIC_0030469,nv,nv,0.991
ISIC_0033800,nv,nv,0.595
ISIC_0027188,df,df,1.0
ISIC_0030108,nv,nv,0.9993
ISIC_0025385,nv,nv,0.9999
ISIC_0028142,nv,nv,1.0
ISIC_0030708,nv,nv,0.9999
ISIC_0032775,vasc,vasc,0.9998
ISIC_0030365,bkl,bkl,0.4867
ISIC_0030627,nv,nv,0.9715
ISIC_0031305,nv,nv,0.9995
ISIC_0028404,bkl,bkl,0.9985
ISIC_0031840,nv,nv,0.9999
ISIC_0027254,akiec,akiec,0.9995
ISIC_0027605,nv,nv,0.9996
ISIC_0029107,bkl,bkl,0.9981
ISIC_0026271,nv,nv,0.9989
ISIC_0029766,nv,nv,0.999
ISIC_0030998,bkl,bkl,0.9949
ISIC_0033450,vasc,vasc,0.9999
ISIC_0032312,nv,nv,0.99
ISIC_0032985,mel,mel,0.9908
ISIC_0029588,bkl,bkl,0.8336
ISIC_0031792,nv,nv,1.0
ISIC_0032503,nv,nv,0.9918
ISIC_0026326,nv,bcc,0.9085
ISIC_0025510,bkl,bkl,0.975
ISIC_0034183,mel,mel,0.8587
ISIC_0026262,bkl,bkl,0.9968
ISIC_0027370,bkl,bkl,0.983
ISIC_0029530,nv,mel,0.9791
ISIC_0029266,nv,nv,0.9997
ISIC_0028876,bkl,bkl,0.6913
ISIC_0031244,nv,nv,0.9996
ISIC_0034032,nv,nv,0.807
ISIC_0025612,vasc,vasc,1.0
ISIC_0032035,nv,mel,0.9969
ISIC_0024436,bcc,bcc,0.936
ISIC_0028364,nv,mel,0.8556
ISIC_0029869,nv,nv,0.5075
ISIC_0031128,nv,nv,0.7173
ISIC_0026053,nv,nv,0.9452
ISIC_0029607,nv,nv,0.9977
ISIC_0026174,bkl,bkl,0.8842
ISIC_0030992,nv,nv,0.9996
ISIC_0033464,nv,nv,0.9986
ISIC_0029815,nv,nv,0.9997
ISIC_0026649,nv,nv,0.9849
ISIC_0033899,bkl,bkl,0.9989
ISIC_0033741,nv,nv,0.9482
ISIC_0025650,bcc,bcc,0.9927
ISIC_0034023,nv,nv,0.9992
ISIC_0024485,nv,nv,0.9999
ISIC_0027117,bcc,bcc,0.9999
ISIC_0029052,df,df,1.0
ISIC_0027203,nv,mel,0.7332
ISIC_0029986,nv,mel,0.9838
ISIC_0025513,bcc,bcc,0.9126
ISIC_0033956,mel,mel,0.6632
ISIC_0033623,nv,nv,0.7252
ISIC_0025323,nv,nv,0.7206
ISIC_0028629,nv,nv,0.9997
ISIC_0027585,nv,nv,0.9697
ISIC_0033650,nv,nv,0.6367
ISIC_0032061,bcc,bcc,0.6745
ISIC_0028903,nv,nv,0.9918
ISIC_0027072,nv,nv,0.9984
ISIC_0033429,mel,mel,0.94
ISIC_0029805,bcc,bcc,0.9983
ISIC_0028993,nv,bkl,0.7255
ISIC_0026352,mel,mel,0.9936
ISIC_0031969,nv,nv,0.9998
ISIC_0029897,bkl,bkl,0.9963
ISIC_0030070,vasc,vasc,1.0
ISIC_0024521,nv,nv,0.9924
ISIC_0033119,nv,nv,0.7358
ISIC_0030150,mel,mel,0.9833
ISIC_0030003,nv,nv,0.9999
ISIC_0025260,bcc,bcc,0.6622
ISIC_0033710,mel,mel,0.9998
ISIC_0034003,bkl,bkl,0.9997
ISIC_0026954,mel,nv,0.9604
ISIC_0033046,nv,nv,0.9875
ISIC_0030106,mel,mel,0.9986
ISIC_0028363,nv,nv,1.0
ISIC_0032182,mel,mel,0.6768
ISIC_0030371,nv,nv,0.9986
ISIC_0025947,nv,nv,0.9972
ISIC_0027763,nv,nv,0.9997
ISIC_0029213,bkl,bkl,0.9974
ISIC_0026880,nv,nv,0.9561
ISIC_0026398,nv,nv,0.9713
ISIC_0026895,bkl,bkl,0.8162
ISIC_0032501,nv,bkl,0.7949
ISIC_0028162,nv,nv,0.9993
ISIC_0024331,bcc,bcc,0.9999
ISIC_0027696,nv,nv,0.9992
ISIC_0032042,nv,nv,0.9928
ISIC_0026689,nv,nv,0.9988
ISIC_0033177,nv,nv,0.9992
ISIC_0032807,mel,mel,0.9799
ISIC_0025904,mel,mel,0.9764
ISIC_0030585,nv,nv,0.9391
ISIC_0027967,bkl,bkl,0.9989
ISIC_0029801,bkl,bkl,0.9999
ISIC_0027106,nv,nv,0.9998
ISIC_0025338,nv,nv,0.9958
ISIC_0027429,nv,nv,0.8202
ISIC_0026848,akiec,akiec,1.0
ISIC_0034102,nv,nv,0.9191
ISIC_0030286,nv,nv,0.9997
ISIC_0033204,mel,mel,0.991
ISIC_0030632,nv,nv,1.0
ISIC_0025555,nv,nv,0.7148
ISIC_0024404,nv,nv,0.9999
ISIC_0030519,nv,bkl,0.5053
ISIC_0032038,nv,nv,0.9983
ISIC_0025102,bcc,bcc,0.9992
ISIC_0031147,nv,nv,1.0
ISIC_0033389,nv,nv,0.9908
ISIC_0024777,nv,nv,0.9131
ISIC_0024551,nv,nv,0.9881
ISIC_0027706,bkl,bkl,0.7296
ISIC_0032701,nv,mel,0.8552
ISIC_0027777,nv,nv,1.0
ISIC_0029334,nv,nv,0.9603
ISIC_0030654,nv,nv,0.9966
ISIC_0033704,mel,mel,0.9892
ISIC_0024729,mel,mel,0.9853
ISIC_0033114,mel,mel,0.9989
ISIC_0026712,nv,nv,0.9645
ISIC_0029192,bcc,bcc,0.9999
ISIC_0026573,nv,mel,0.9381
ISIC_0033738,nv,nv,0.5495
ISIC_0031949,nv,nv,0.9988
ISIC_0029118,nv,nv,0.9419
ISIC_0026340,nv,nv,0.9711
ISIC_0029668,nv,nv,0.7347
ISIC_0032818,nv,nv,0.8853
ISIC_0024424,nv,nv,0.7749
ISIC_0026871,bkl,bkl,0.9741
ISIC_0025688,nv,nv,0.9999
ISIC_0029080,bkl,bkl,0.9949
ISIC_0028425,nv,nv,0.7615
ISIC_0026066,nv,nv,1.0
ISIC_0027811,bkl,bkl,0.9986
ISIC_0025429,nv,nv,0.9999
ISIC_0033334,nv,nv,0.9968
ISIC_0026802,mel,mel,0.3835
ISIC_0033861,nv,mel,0.7282
ISIC_0031280,nv,nv,0.9829
ISIC_0029136,nv,nv,0.9979
ISIC_0026678,nv,nv,0.8789
ISIC_0027921,nv,nv,0.9995
ISIC_0027132,nv,nv,1.0
ISIC_0028571,nv,akiec,0.7751
ISIC_0026755,nv,nv,0.9968
ISIC_0029117,nv,nv,1.0
ISIC_0030481,nv,nv,1.0
ISIC_0031109,nv,nv,0.9984
ISIC_0028625,nv,nv,0.3758
ISIC_0031071,nv,bkl,0.6996
ISIC_0029893,mel,mel,0.9968
ISIC_0032586,mel,mel,0.9971
ISIC_0025926,nv,nv,0.989
ISIC_0024776,nv,nv,0.9993
ISIC_0025420,nv,nv,1.0
ISIC_0031604,nv,nv,0.9921
ISIC_0027213,nv,bkl,0.7606
ISIC_0031282,nv,nv,0.9636
ISIC_0030401,nv,bkl,0.5347
ISIC_0032071,nv,nv,0.9275
ISIC_0031998,nv,nv,0.9977
ISIC_0026205,bkl,bkl,0.9817
ISIC_0024901,nv,nv,0.9961
ISIC_0025683,nv,nv,0.9841
ISIC_0030571,nv,nv,0.9999
ISIC_0026040,akiec,akiec,0.9727
ISIC_0025584,bcc,bcc,1.0
ISIC_0024472,bcc,bcc,0.9918
ISIC_0025343,nv,nv,0.9997
ISIC_0032153,nv,nv,0.97
ISIC_0028062,nv,nv,0.9968
ISIC_0026868,mel,mel,0.749
ISIC_0032438,nv,nv,0.9619
ISIC_0030223,mel,mel,0.9822
ISIC_0024341,nv,nv,0.9999
ISIC_0024679,mel,akiec,0.9816
ISIC_0032823,mel,mel,0.8762
ISIC_0030058,nv,nv,0.9994
ISIC_0030759,mel,mel,0.9812
ISIC_0027991,bkl,mel,0.8283
ISIC_0027805,nv,nv,0.9999
ISIC_0030194,nv,mel,0.5884
ISIC_0034281,nv,bcc,0.6067
ISIC_0031430,akiec,akiec,0.9999
ISIC_0029454,mel,mel,0.9984
ISIC_0032979,nv,nv,0.9638
ISIC_0029207,nv,nv,0.9997
ISIC_0024947,bkl,bkl,0.9958
ISIC_0025957,akiec,akiec,1.0
ISIC_0032773,bkl,bkl,0.9999
ISIC_0033810,df,df,0.9999
ISIC_0028861,nv,nv,0.945
ISIC_0027358,nv,bkl,0.72
ISIC_0027022,nv,nv,1.0
ISIC_0025761,nv,nv,0.9967
ISIC_0028456,nv,nv,0.9993
ISIC_0028664,nv,nv,0.9979
ISIC_0032971,nv,nv,0.9735
ISIC_0025928,bkl,bkl,0.8102
ISIC_0028868,nv,nv,0.7302
ISIC_0033773,mel,mel,0.4596
ISIC_0031028,nv,nv,1.0
ISIC_0028156,mel,mel,0.9653
ISIC_0024569,nv,nv,0.964
ISIC_0026032,nv,bkl,0.9052
ISIC_0031412,nv,nv,0.9991
ISIC_0029614,nv,nv,0.9843
ISIC_0027833,nv,nv,0.9976
ISIC_0028519,mel,mel,0.9827
ISIC_0030544,nv,nv,1.0
ISIC_0029417,akiec,akiec,0.87
ISIC_0025011,nv,nv,0.9999
ISIC_0028310,nv,bkl,0.8517
ISIC_0029501,bcc,bcc,0.9896
ISIC_0028205,nv,nv,0.6365
ISIC_0029384,bkl,bkl,0.9984
ISIC_0028319,nv,nv,0.9964
ISIC_0028727,nv,nv,0.9988
ISIC_0025669,nv,nv,0.9934
ISIC_0033256,df,df,1.0
ISIC_0032457,nv,nv,0.9998
ISIC_0028764,mel,mel,0.9059
ISIC_0033976,nv,nv,0.9772
ISIC_0025961,nv,bkl,0.6077
ISIC_0028236,bkl,bkl,0.9992
ISIC_0031442,bcc,bcc,0.9905
ISIC_0030264,nv,nv,0.8194
ISIC_0032562,nv,mel,0.6422
ISIC_0027903,vasc,vasc,1.0
ISIC_0029473,mel,mel,0.9909
ISIC_0031039,nv,nv,0.9714
ISIC_0024677,nv,nv,0.9988
ISIC_0026796,mel,bkl,0.6058
ISIC_0029727,nv,nv,0.9995
ISIC_0029583,nv,nv,0.9731
ISIC_0024617,nv,nv,0.9143
ISIC_0028122,bcc,bcc,1.0
ISIC_0030368,nv,nv,0.9952
ISIC_0026973,nv,nv,0.9999
ISIC_0029190,nv,nv,0.9819
ISIC_0030013,nv,nv,0.9996
ISIC_0029892,nv,nv,0.9961
ISIC_0030854,nv,nv,0.9998
ISIC_0030269,nv,bkl,0.5197
ISIC_0034020,nv,nv,0.9082
ISIC_0032492,nv,nv,0.9929
ISIC_0024610,nv,nv,1.0
ISIC_0030120,nv,nv,0.9987
ISIC_0032430,mel,mel,0.9986
ISIC_0027194,bkl,bkl,0.9973
ISIC_0027692,nv,nv,0.9999
ISIC_0031308,nv,nv,0.9299
ISIC_0025855,nv,df,0.6545
ISIC_0028630,nv,nv,0.9976
ISIC_0031771,nv,bkl,0.8624
ISIC_0027739,bkl,bkl,0.9952
ISIC_0028383,nv,nv,0.9998
ISIC_0032014,akiec,akiec,0.9924
ISIC_0027869,nv,nv,0.9992
ISIC_0027289,nv,nv,0.9996
ISIC_0031167,nv,nv,0.9994
ISIC_0025440,nv,nv,0.9989
ISIC_0025731,bcc,bcc,0.9997
ISIC_0032564,mel,mel,0.9977
ISIC_0027531,bcc,bcc,0.9899
ISIC_0029455,bkl,bkl,0.7274
ISIC_0028184,nv,nv,0.9999
ISIC_0033844,vasc,vasc,0.9999
ISIC_0027086,nv,nv,0.8312
ISIC_0034239,mel,mel,0.9911
ISIC_0024701,mel,akiec,0.6122
ISIC_0027195,nv,nv,0.9974
ISIC_0029495,mel,mel,0.786
ISIC_0030308,nv,nv,0.979
ISIC_0032279,nv,nv,0.9732
ISIC_0025687,nv,nv,0.5982
ISIC_0034168,bkl,bkl,0.9231
ISIC_0030172,bkl,bkl,0.9656
ISIC_0028780,nv,nv,0.9687
ISIC_0034269,mel,mel,0.9934
ISIC_0024685,nv,nv,0.9999
ISIC_0024994,df,df,1.0
ISIC_0027386,nv,nv,0.9999
ISIC_0032368,nv,nv,0.9858
ISIC_0030461,nv,nv,0.9996
ISIC_0027313,nv,nv,0.9996
ISIC_0033745,nv,nv,0.9419
ISIC_0024816,nv,nv,0.984
ISIC_0029909,mel,mel,0.9982
ISIC_0027366,nv,nv,0.9998
ISIC_0033376,nv,nv,0.4728
ISIC_0025101,nv,nv,0.9972
ISIC_0033937,nv,nv,0.9008
ISIC_0033585,nv,nv,0.9171
ISIC_0027085,nv,nv,0.9891
ISIC_0033770,bkl,bkl,0.9474
ISIC_0033696,mel,mel,0.9823
ISIC_0029731,bkl,bkl,0.997
ISIC_0032388,nv,nv,0.7519
ISIC_0027660,nv,nv,0.9998
ISIC_0025638,nv,nv,0.9879
ISIC_0032986,nv,nv,0.8185
ISIC_0029295,nv,nv,0.9998
ISIC_0025860,nv,nv,0.9986
ISIC_0028197,bcc,bcc,0.9967
ISIC_0029679,nv,mel,0.9896
ISIC_0034196,vasc,vasc,0.9845
ISIC_0024988,nv,nv,0.9985
ISIC_0026172,nv,nv,0.9998
ISIC_0030190,nv,nv,0.9988
ISIC_0032283,bkl,mel,0.3867
ISIC_0026261,nv,nv,0.9999
ISIC_0025767,bkl,bkl,0.9955
ISIC_0024681,nv,nv,0.9998
ISIC_0032495,nv,nv,0.9998
ISIC_0028532,nv,nv,0.9976
ISIC_0027821,nv,nv,0.9248
ISIC_0029040,bkl,bkl,0.8156
ISIC_0032055,nv,nv,0.8938
ISIC_0028188,vasc,vasc,0.9999
ISIC_0029837,bkl,bkl,0.865
ISIC_0032421,nv,mel,0.791
ISIC_0030507,mel,mel,0.9565
ISIC_0032445,bkl,bkl,0.9972
ISIC_0025276,bkl,bkl,0.9836
ISIC_0032404,akiec,akiec,0.9999
ISIC_0030396,bkl,bkl,0.9971
ISIC_0034124,nv,nv,0.7879
ISIC_0031833,nv,nv,0.992
ISIC_0028646,bkl,bkl,0.8954
ISIC_0033159,nv,nv,0.9949
ISIC_0028645,nv,nv,0.9846
ISIC_0030267,nv,nv,0.9948
ISIC_0028892,nv,nv,0.9997
ISIC_0034247,nv,nv,0.9357
ISIC_0026057,nv,nv,0.9922
ISIC_0032882,nv,nv,0.983
ISIC_0031841,nv,nv,0.9998
ISIC_0024354,nv,nv,0.9997
ISIC_0025764,nv,nv,0.9999
ISIC_0033507,bkl,bkl,0.9497
ISIC_0026651,nv,nv,0.9999
ISIC_0030493,nv,nv,0.9995
ISIC_0033070,nv,nv,0.7726
ISIC_0025047,nv,nv,0.99
ISIC_0026356,nv,nv,0.9996
ISIC_0025342,nv,nv,0.9939
ISIC_0028413,nv,nv,0.9798
ISIC_0029212,mel,mel,0.9996
ISIC_0030607,bkl,bkl,0.9865
ISIC_0032372,mel,mel,0.983
ISIC_0033783,bkl,bkl,0.9995
ISIC_0030516,nv,nv,1.0
ISIC_0026197,nv,nv,0.9997
ISIC_0028508,mel,mel,0.993
ISIC_0033407,nv,nv,0.6156
ISIC_0028318,nv,nv,0.9997
ISIC_0027058,bcc,bcc,0.9999
ISIC_0032343,bkl,bkl,0.9954
ISIC_0027798,nv,nv,0.6459
ISIC_0032592,mel,mel,0.9969
ISIC_0031327,nv,nv,0.986
ISIC_0025770,nv,nv,0.9997
ISIC_0025829,nv,nv,1.0
ISIC_0026938,nv,nv,0.9972
ISIC_0033283,nv,mel,0.5424
ISIC_0027730,nv,nv,0.9998
ISIC_0029423,nv,nv,0.9999
ISIC_0031484,nv,nv,0.9999
ISIC_0026211,nv,nv,0.9998
ISIC_0024745,nv,nv,0.9831
ISIC_0030348,nv,nv,0.9906
ISIC_0033947,mel,mel,0.9979
ISIC_0032390,nv,nv,0.9999
ISIC_0029005,nv,nv,0.9525
ISIC_0026576,bkl,bkl,0.9982
ISIC_0032828,nv,nv,0.8613
ISIC_0024524,nv,nv,0.7923
ISIC_0028150,nv,nv,0.9351
ISIC_0026768,nv,nv,0.9989
ISIC_0033354,bcc,bcc,1.0
ISIC_0026740,nv,nv,1.0
ISIC_0028255,nv,nv,0.9359
ISIC_0031790,nv,nv,0.9985
ISIC_0024871,bkl,bkl,0.9965
ISIC_0028432,nv,nv,0.9993
ISIC_0031938,nv,nv,0.9996
ISIC_0029252,nv,bkl,0.9874
ISIC_0027403,nv,bkl,0.8106
ISIC_0027427,nv,nv,0.8495
ISIC_0025412,nv,nv,0.9886
ISIC_0032142,nv,nv,0.9999
ISIC_0024537,mel,mel,0.9976
ISIC_0024374,nv,bkl,0.6144
ISIC_0026310,nv,nv,0.9987
ISIC_0026131,mel,mel,0.8751
ISIC_0028490,bkl,bkl,0.9989
ISIC_0028424,nv,nv,0.9927
ISIC_0032293,nv,nv,0.9943
ISIC_0025980,df,df,0.9975
ISIC_0031025,mel,mel,0.9895
ISIC_0031590,nv,nv,0.9986
ISIC_0032697,nv,nv,0.9043
ISIC_0025756,nv,nv,0.9995
ISIC_0024632,bcc,bcc,0.8223
ISIC_0030810,nv,mel,0.4183
ISIC_0025691,bcc,bcc,0.995
ISIC_0029584,nv,nv,1.0
ISIC_0025380,nv,nv,0.9997
ISIC_0030246,mel,mel,0.9996
ISIC_0029677,nv,nv,0.9997
ISIC_0031955,vasc,vasc,1.0
ISIC_0030426,nv,nv,0.9119
ISIC_0029204,nv,nv,0.9999
ISIC_0030445,mel,mel,0.8707
ISIC_0032398,nv,nv,0.9996
ISIC_0033278,mel,mel,0.5808
ISIC_0025367,nv,nv,0.994
ISIC_0027148,nv,nv,0.9998
ISIC_0027535,nv,nv,0.6304
ISIC_0025277,mel,mel,0.8868
ISIC_0032476,mel,mel,0.7987
ISIC_0030395,nv,nv,0.9996
ISIC_0025938,nv,nv,0.953
ISIC_0034287,mel,mel,0.9989
ISIC_0032362,nv,bkl,0.7311
ISIC_0032311,nv,nv,0.963
ISIC_0028118,nv,nv,0.799
ISIC_0024423,nv,nv,0.9951
ISIC_0028143,nv,nv,0.9981
ISIC_0025685,nv,nv,0.9993
ISIC_0030200,nv,nv,0.9999
ISIC_0027650,akiec,akiec,0.9415
ISIC_0032215,bkl,bkl,0.8521
ISIC_0032675,bkl,bkl,0.9048
ISIC_0031586,mel,mel,0.8759
ISIC_0027969,bkl,bkl,0.965
ISIC_0026364,nv,nv,0.9999
ISIC_0025347,nv,nv,0.9999
ISIC_0029063,nv,nv,0.9956
ISIC_0032788,nv,nv,0.9474
ISIC_0030674,nv,bkl,0.5951
ISIC_0027493,nv,nv,1.0
ISIC_0030380,nv,nv,0.9983
ISIC_0032084,nv,nv,0.9998
ISIC_0032799,bcc,bcc,0.9999
ISIC_0031775,nv,nv,1.0
ISIC_0028543,mel,nv,0.4289
ISIC_0025484,bkl,bkl,0.9721
ISIC_0034068,mel,mel,0.9808
ISIC_0026820,nv,mel,0.7869
ISIC_0032717,nv,nv,0.5484
ISIC_0025457,nv,nv,0.9994
ISIC_0033226,mel,mel,0.9741
ISIC_0033282,nv,nv,0.9019
ISIC_0033943,nv,mel,0.6298
ISIC_0031360,nv,nv,0.9909
ISIC_0029143,nv,nv,0.5787
ISIC_0032850,bcc,bcc,1.0
ISIC_0025108,nv,nv,0.9966
ISIC_0028946,nv,nv,0.9999
ISIC_0031759,vasc,vasc,1.0
ISIC_0031670,mel,mel,0.9829
ISIC_0032359,bkl,bkl,0.8151
ISIC_0026707,nv,nv,0.9971
ISIC_0025396,nv,nv,0.7911
ISIC_0031524,nv,nv,0.9861
ISIC_0029275,nv,nv,0.9957
ISIC_0024754,nv,nv,0.8791
ISIC_0026386,nv,nv,0.9987
ISIC_0031636,nv,nv,0.7586
ISIC_0025585,nv,nv,0.9859
ISIC_0030353,nv,nv,0.859
ISIC_0032669,nv,nv,0.9777
ISIC_0025718,bcc,vasc,0.6444
ISIC_0028511,bkl,bkl,0.9896
ISIC_0024878,nv,nv,0.9989
ISIC_0030179,nv,nv,0.9797
ISIC_0029545,bcc,bcc,0.9964
ISIC_0033036,nv,nv,0.9917
ISIC_0025330,bkl,bkl,0.9976
ISIC_0025574,nv,nv,0.9999
ISIC_0031487,nv,nv,0.9977
ISIC_0032617,mel,mel,0.9985
ISIC_0026807,nv,nv,0.9728
ISIC_0024697,nv,nv,0.931
ISIC_0025768,nv,nv,0.9999
ISIC_0025190,nv,nv,1.0
ISIC_0024486,nv,nv,0.9985
ISIC_0031767,nv,nv,1.0
ISIC_0025346,nv,nv,0.955
ISIC_0028088,nv,nv,0.9999
ISIC_0028924,nv,nv,0.9993
ISIC_0032629,mel,mel,0.6264
ISIC_0033116,nv,mel,0.8096
ISIC_0030178,nv,nv,1.0
ISIC_0031814,nv,nv,0.8237
ISIC_0025226,nv,nv,0.9064
ISIC_0029135,bkl,bkl,0.8468
ISIC_0025003,nv,nv,1.0
ISIC_0030463,akiec,akiec,1.0
ISIC_0027355,bkl,bkl,0.9957
ISIC_0025971,bcc,bcc,1.0
ISIC_0026958,bkl,bkl,0.9914
ISIC_0027208,nv,nv,0.9938
ISIC_0024714,nv,nv,0.8932
ISIC_0026572,nv,nv,1.0
ISIC_0034143,bcc,bcc,0.9999
ISIC_0033939,nv,nv,0.9883
ISIC_0025558,nv,nv,0.9966
ISIC_0027198,nv,nv,0.9894
ISIC_0026614,bkl,bkl,0.9993
ISIC_0026834,nv,nv,0.9879
ISIC_0034126,bkl,bkl,0.9063
ISIC_0025215,nv,nv,0.9999
ISIC_0032611,bcc,bcc,1.0
ISIC_0026914,nv,nv,0.9994
ISIC_0033062,nv,nv,0.9692
ISIC_0028151,nv,nv,0.8783
ISIC_0032829,bkl,bkl,0.9999
ISIC_0031410,mel,mel,1.0
ISIC_0029233,bkl,bkl,0.9941
ISIC_0031448,nv,nv,0.9965
ISIC_0031286,akiec,akiec,1.0
ISIC_0030011,df,df,1.0
ISIC_0025451,mel,mel,0.7384
ISIC_0027278,nv,nv,0.9929
ISIC_0032340,nv,nv,0.9658
ISIC_0029885,mel,nv,0.9312
ISIC_0033481,nv,nv,0.9844
ISIC_0033460,bkl,mel,0.9076
ISIC_0032768,bcc,bcc,0.9989
ISIC_0030452,bcc,bcc,0.957
ISIC_0028849,nv,nv,0.9888
ISIC_0025862,nv,nv,0.9998
ISIC_0027320,bkl,bkl,0.9798
ISIC_0027581,nv,nv,0.9887
ISIC_0030480,nv,nv,0.9995
ISIC_0031946,nv,nv,0.9985
ISIC_0032257,nv,nv,0.9489
ISIC_0031877,nv,nv,1.0
ISIC_0030799,nv,nv,0.9995
ISIC_0033618,nv,mel,0.9921
ISIC_0029267,nv,nv,0.9993
ISIC_0026123,nv,nv,0.6701
ISIC_0028178,nv,nv,1.0
ISIC_0025378,bkl,bkl,0.9976
ISIC_0033684,nv,bkl,0.7381
ISIC_0029451,nv,nv,0.9928
ISIC_0029050,nv,nv,0.9976
ISIC_0027881,nv,nv,0.9937
ISIC_0029971,nv,nv,0.9979
ISIC_0033281,nv,nv,0.9944
ISIC_0025461,nv,nv,0.9992
ISIC_0032808,bcc,bcc,0.9596
ISIC_0024824,nv,nv,0.9598
ISIC_0025491,nv,nv,0.9884
ISIC_0026999,nv,nv,0.9998
ISIC_0024651,nv,nv,0.9924
ISIC_0030474,nv,nv,0.9989
ISIC_0029246,nv,nv,0.9998
ISIC_0028816,akiec,akiec,1.0
ISIC_0033877,nv,nv,0.9937
ISIC_0026829,bcc,bkl,0.4743
ISIC_0030052,nv,nv,0.9971
ISIC_0025792,nv,nv,0.9996
ISIC_0028525,bkl,bkl,0.9992
ISIC_0030847,nv,mel,0.9713
ISIC_0025950,nv,nv,0.9842
ISIC_0028804,nv,nv,0.5952
ISIC_0030539,mel,mel,0.9023
ISIC_0031482,nv,nv,0.9968
ISIC_0030110,mel,mel,0.9754
ISIC_0027327,mel,mel,0.9996
ISIC_0031609,akiec,akiec,0.999
ISIC_0028591,nv,nv,0.8024
ISIC_0033735,nv,nv,0.4996
ISIC_0025163,nv,nv,0.9999
ISIC_0033033,nv,nv,0.6198
ISIC_0033533,mel,mel,0.9982
ISIC_0024849,nv,nv,0.9985
ISIC_0029303,nv,nv,0.9377
ISIC_0026389,nv,nv,0.7853
ISIC_0031695,nv,nv,0.9997
ISIC_0025579,nv,nv,0.9575
ISIC_0027123,nv,nv,1.0
ISIC_0031852,akiec,akiec,1.0
ISIC_0032660,bcc,bcc,1.0
ISIC_0029504,nv,nv,0.9895
ISIC_0033400,bkl,bkl,0.967
ISIC_0032378,nv,nv,0.8505
ISIC_0028751,nv,mel,0.6374
ISIC_0028633,nv,nv,0.9093
ISIC_0025884,nv,nv,0.9999
ISIC_0024876,nv,nv,0.9965
ISIC_0030577,nv,nv,0.959
ISIC_0027051,nv,nv,0.513
ISIC_0027169,nv,nv,0.9998
ISIC_0033980,mel,mel,0.976
ISIC_0030621,nv,nv,0.9831
ISIC_0028616,nv,nv,0.9895
ISIC_0026599,nv,nv,0.9847
ISIC_0033091,nv,nv,0.9992
ISIC_0028428,nv,nv,0.9999
ISIC_0033185,bkl,mel,0.9663
ISIC_0034016,nv,nv,0.9971
ISIC_0033255,nv,nv,0.9965
ISIC_0025677,vasc,vasc,0.9998
ISIC_0025028,nv,nv,0.9998
ISIC_0029765,nv,nv,0.9941
ISIC_0026278,nv,nv,0.9999
ISIC_0031776,nv,bkl,0.6417
ISIC_0031857,nv,nv,0.9889
ISIC_0025220,nv,nv,0.9999
ISIC_0031349,bkl,bkl,0.9888
ISIC_0028454,nv,nv,0.9939
ISIC_0032416,nv,nv,0.9996
ISIC_0031694,nv,nv,0.9326
ISIC_0031402,nv,nv,0.9993
ISIC_0030956,vasc,vasc,1.0
ISIC_0033637,nv,nv,0.9661
ISIC_0031363,nv,nv,0.8993
ISIC_0028108,nv,nv,1.0
ISIC_0027956,mel,mel,0.993
ISIC_0026443,bkl,bkl,0.9993
ISIC_0032815,nv,mel,0.7907
ISIC_0027756,nv,nv,0.9976
ISIC_0031172,nv,nv,0.719
ISIC_0025044,nv,nv,0.9998
ISIC_0026374,nv,nv,0.7066
ISIC_0030302,nv,nv,0.9912
ISIC_0025428,nv,nv,0.9884
ISIC_0026224,nv,nv,0.9996
ISIC_0028356,nv,nv,0.9997
ISIC_0025049,nv,nv,0.9303
ISIC_0026867,bkl,bkl,1.0
ISIC_0025989,nv,nv,0.9178
ISIC_0031406,mel,mel,0.9646
ISIC_0033795,nv,nv,0.6173
ISIC_0030278,nv,nv,1.0
ISIC_0028440,nv,nv,0.9998
ISIC_0031584,bkl,nv,0.7466
ISIC_0030986,akiec,akiec,0.9997
ISIC_0026587,nv,nv,0.9996
ISIC_0025432,nv,nv,0.8447
ISIC_0027741,nv,nv,0.9998
ISIC_0032002,nv,nv,0.9839
ISIC_0033392,mel,mel,0.9993
ISIC_0025830,bkl,bkl,0.9871
ISIC_0031745,mel,mel,0.9778
ISIC_0029283,nv,nv,0.9789
ISIC_0027238,mel,mel,0.9835
ISIC_0033763,nv,vasc,0.9831
ISIC_0028075,mel,akiec,1.0
ISIC_0025289,nv,df,0.5211
ISIC_0024447,nv,nv,0.9217
ISIC_0032973,nv,nv,0.8686
ISIC_0024480,nv,mel,0.8484
ISIC_0028710,bkl,bkl,0.9976
ISIC_0028770,nv,nv,0.9999
ISIC_0029887,nv,nv,0.9999
ISIC_0031186,mel,mel,0.9844
ISIC_0029715,akiec,akiec,0.9999
ISIC_0032558,nv,nv,0.7708
ISIC_0025374,bkl,bkl,0.6549
ISIC_0032477,nv,nv,0.9996
ISIC_0026366,nv,nv,0.9526
ISIC_0025588,nv,nv,0.7285
ISIC_0024801,nv,nv,1.0
ISIC_0033929,nv,nv,0.6817
ISIC_0033488,bkl,bkl,0.9422
ISIC_0030826,akiec,akiec,0.9997
ISIC_0029251,bkl,bkl,0.991
ISIC_0028546,nv,nv,0.9995
ISIC_0026849,bkl,bkl,0.7998
ISIC_0031937,bkl,bkl,0.9961
ISIC_0027720,nv,nv,1.0
ISIC_0030534,nv,nv,0.9961
ISIC_0029756,nv,nv,0.9116
ISIC_0032515,nv,nv,0.5513
ISIC_0034139,nv,nv,0.9772
ISIC_0027947,nv,nv,0.9998
ISIC_0024756,mel,mel,0.9949
ISIC_0028938,nv,nv,0.9921
ISIC_0025602,nv,nv,0.9998
ISIC_0026669,nv,nv,1.0
ISIC_0033386,nv,nv,0.5132
ISIC_0029631,nv,nv,0.9995
ISIC_0027943,nv,nv,0.9953
ISIC_0031348,nv,nv,0.9992
ISIC_0028736,nv,mel,0.5132
ISIC_0030791,nv,nv,0.9997
ISIC_0033311,nv,nv,0.9594
ISIC_0028775,nv,nv,0.9158
ISIC_0027656,nv,nv,0.8316
ISIC_0029851,akiec,akiec,0.9991
ISIC_0028033,mel,mel,0.9995
ISIC_0027063,mel,mel,0.9947
ISIC_0028264,bkl,bkl,0.9932
ISIC_0032792,nv,mel,0.6118
ISIC_0026590,bkl,bkl,0.8029
ISIC_0031825,bkl,bkl,0.9946
ISIC_0030486,mel,mel,0.9998
ISIC_0032286,nv,nv,0.9984
ISIC_0031245,bcc,bcc,0.9978
ISIC_0031715,nv,nv,0.9799
ISIC_0032342,nv,nv,0.995
ISIC_0031197,vasc,vasc,1.0
ISIC_0025736,nv,nv,0.9996
ISIC_0028830,bkl,bkl,0.9912
ISIC_0029198,nv,nv,0.9796
ISIC_0030276,bkl,bkl,0.9699
ISIC_0030722,vasc,vasc,1.0
ISIC_0027704,bcc,bcc,0.9858
ISIC_0033575,bcc,bcc,0.9999
ISIC_0026130,nv,nv,0.9999
ISIC_0028810,nv,mel,0.9581
ISIC_0033671,nv,nv,0.9654
ISIC_0032006,bkl,bkl,0.9985
ISIC_0024789,nv,nv,0.6716
ISIC_0028831,nv,mel,0.9031
ISIC_0033291,nv,mel,0.6643
ISIC_0029014,bkl,bkl,0.9991
ISIC_0031013,mel,mel,0.9993
ISIC_0026299,nv,nv,0.9999
ISIC_0029735,nv,nv,0.6977
ISIC_0030693,nv,nv,0.9993
ISIC_0024422,bkl,bkl,0.9995
ISIC_0025529,bkl,bkl,0.9135
ISIC_0027602,nv,nv,0.9989
ISIC_0033183,mel,mel,0.958
ISIC_0032222,bcc,bcc,0.9874
ISIC_0032450,mel,mel,0.9998
ISIC_0033241,mel,mel,0.9168
ISIC_0033003,nv,mel,0.6229
ISIC_0027619,nv,nv,0.9999
ISIC_0027806,bkl,bkl,0.9986
ISIC_0031922,akiec,akiec,0.9986
ISIC_0024815,nv,nv,0.9839
ISIC_0031270,vasc,vasc,0.9999
ISIC_0027210,vasc,vasc,1.0
ISIC_0031585,bcc,bcc,0.9944
ISIC_0029376,nv,nv,0.9999
ISIC_0025161,nv,nv,0.9973
ISIC_0031893,bkl,bkl,0.9994
ISIC_0025195,mel,mel,0.9921
ISIC_0026731,nv,nv,0.9998
ISIC_0031531,bcc,bcc,0.9639
ISIC_0026036,nv,nv,0.9856
ISIC_0030400,nv,nv,0.996
ISIC_0026979,nv,nv,0.8663
ISIC_0026155,nv,nv,0.9998
ISIC_0031314,nv,nv,0.5343
ISIC_0026772,nv,nv,0.9995
ISIC_0028288,mel,mel,0.9784
ISIC_0033043,nv,nv,0.8753
ISIC_0031517,mel,mel,0.9975
ISIC_0028113,bcc,bcc,0.9996
ISIC_0027849,nv,bkl,0.8499
ISIC_0026927,akiec,akiec,1.0
ISIC_0027170,nv,nv,0.9999
ISIC_0033643,mel,mel,0.9535
ISIC_0033994,nv,nv,0.9859
ISIC_0032066,nv,nv,0.9984
ISIC_0026092,vasc,vasc,0.9937
ISIC_0029592,nv,nv,0.9931
ISIC_0026051,nv,nv,0.9971
ISIC_0029039,df,df,0.9365
ISIC_0033752,mel,mel,0.9961
ISIC_0031163,nv,nv,0.9579
ISIC_0029263,bcc,bcc,0.9991
ISIC_0031793,nv,nv,0.9856
ISIC_0031540,nv,nv,1.0
ISIC_0030425,nv,mel,0.7057
ISIC_0024704,nv,nv,0.998
ISIC_0029025,akiec,akiec,1.0
ISIC_0029752,nv,nv,0.9348
ISIC_0031184,nv,nv,0.9839
ISIC_0027774,bcc,bcc,0.8416
ISIC_0026008,nv,bkl,0.5882
ISIC_0026987,nv,nv,0.9972
ISIC_0032761,nv,nv,0.9962
ISIC_0033522,mel,mel,0.9976
ISIC_0025398,nv,nv,0.9965
ISIC_0026076,nv,nv,0.8173
ISIC_0024397,nv,nv,0.9992
ISIC_0026434,nv,nv,0.9966
ISIC_0033315,nv,mel,0.805
ISIC_0032926,nv,nv,0.9959
ISIC_0031828,nv,nv,0.9944
ISIC_0028872,akiec,akiec,1.0
ISIC_0033897,nv,nv,0.8645
ISIC_0033019,bcc,bcc,0.9975
ISIC_0024584,nv,nv,0.9554
ISIC_0026302,nv,nv,0.9987
ISIC_0024325,nv,nv,0.9972
ISIC_0031483,nv,nv,0.9519
ISIC_0031639,bkl,bkl,0.995
ISIC_0032173,akiec,akiec,0.9999
ISIC_0031085,nv,mel,0.9931
ISIC_0027144,mel,mel,0.9976
ISIC_0025286,bkl,bkl,0.9795
ISIC_0032156,bkl,mel,0.7991
ISIC_0032927,mel,mel,0.908
ISIC_0029676,bkl,bkl,0.998
ISIC_0027234,mel,bkl,0.4866
ISIC_0031146,mel,mel,0.8914
ISIC_0024359,nv,nv,0.9994
ISIC_0026450,nv,nv,0.9992
ISIC_0029598,akiec,bcc,0.9361
ISIC_0027699,nv,nv,0.9998
ISIC_0029253,nv,nv,0.9937
ISIC_0029685,nv,nv,0.9923
ISIC_0029988,nv,nv,0.9338
ISIC_0034083,nv,nv,0.9829
ISIC_0030688,nv,nv,0.7601
ISIC_0027890,nv,nv,0.9999
ISIC_0032532,mel,mel,0.9332
ISIC_0030827,akiec,akiec,0.9998
ISIC_0027381,nv,nv,0.9957
ISIC_0026709,akiec,akiec,0.9991
ISIC_0024835,nv,nv,0.9998
ISIC_0026004,nv,nv,0.9997
ISIC_0024724,nv,nv,1.0
ISIC_0028103,mel,mel,0.8472
ISIC_0033619,mel,mel,0.9537
ISIC_0031171,bcc,nv,0.4829
ISIC_0032612,nv,nv,0.9258
ISIC_0026810,nv,mel,0.5456
ISIC_0033928,nv,nv,0.9838
ISIC_0031871,nv,nv,0.9989
ISIC_0028673,nv,nv,0.9641
ISIC_0027228,nv,nv,0.9983
ISIC_0030924,nv,nv,0.9371
ISIC_0032556,bkl,bkl,0.9791
ISIC_0024425,nv,nv,0.8843
ISIC_0033145,nv,nv,0.8404
ISIC_0033669,nv,nv,0.9921
ISIC_0027354,bkl,bkl,0.9981
ISIC_0025074,nv,nv,0.9503
ISIC_0029943,nv,nv,0.9876
ISIC_0026485,nv,nv,0.9984
ISIC_0026022,nv,nv,0.9972
ISIC_0031104,nv,nv,0.9997
ISIC_0025869,nv,bkl,0.8533
ISIC_0026608,nv,mel,0.9438
ISIC_0028472,nv,mel,0.737
ISIC_0025780,akiec,akiec,1.0
ISIC_0025084,nv,nv,0.9885
ISIC_0028899,mel,bkl,0.5179
ISIC_0028158,akiec,akiec,0.9989
ISIC_0030438,nv,nv,1.0
ISIC_0025369,nv,nv,1.0
ISIC_0027242,nv,nv,0.7784
ISIC_0027399,nv,nv,0.9994
ISIC_0024942,nv,nv,0.9992
ISIC_0032178,nv,nv,1.0
ISIC_0025666,nv,nv,0.9988
ISIC_0024528,nv,nv,0.9996
ISIC_0034121,nv,nv,0.9364
ISIC_0033142,nv,nv,0.9281
ISIC_0029019,nv,nv,0.9999
ISIC_0033451,nv,nv,0.7713
ISIC_0033966,nv,nv,0.4731
ISIC_0028798,nv,nv,0.8962
ISIC_0028551,nv,nv,0.9842
ISIC_0026705,nv,nv,0.9237
ISIC_0024532,nv,nv,0.9982
ISIC_0031422,nv,nv,0.9679
ISIC_0034141,mel,mel,0.8641
ISIC_0026353,nv,nv,0.9989
ISIC_0032467,nv,nv,0.9956
ISIC_0032493,nv,nv,0.9993
ISIC_0033447,nv,nv,0.569
ISIC_0033426,mel,mel,0.999
ISIC_0026640,nv,nv,0.9742
ISIC_0030462,nv,mel,0.7858
ISIC_0028995,bkl,bkl,0.9943
ISIC_0030392,nv,nv,1.0
ISIC_0033353,nv,nv,0.9422
ISIC_0032163,nv,nv,0.7389
ISIC_0028725,nv,nv,0.9999
ISIC_0034036,mel,mel,0.9881
ISIC_0032461,bcc,bcc,0.9796
ISIC_0026589,nv,nv,0.9912
ISIC_0033248,bcc,bcc,1.0
ISIC_0025545,nv,nv,0.9497
ISIC_0028829,nv,nv,0.9802
ISIC_0027025,bkl,bkl,1.0
ISIC_0029027,nv,nv,0.9927
ISIC_0032752,nv,nv,0.6329
ISIC_0031891,nv,nv,0.9995
ISIC_0024821,nv,nv,0.9673
ISIC_0025273,nv,nv,0.9977
ISIC_0029009,nv,nv,0.9987
ISIC_0029854,nv,bkl,0.8217
ISIC_0032776,bkl,bkl,0.9992
ISIC_0032825,nv,nv,0.9647
ISIC_0032323,nv,nv,0.9998
ISIC_0027812,nv,nv,0.9719
ISIC_0026929,nv,nv,0.9918
ISIC_0029288,bkl,bkl,0.9996
ISIC_0024619,nv,nv,0.9998
ISIC_0031950,vasc,vasc,1.0
ISIC_0026116,nv,nv,0.9998
ISIC_0027586,nv,nv,0.9992
ISIC_0030520,nv,nv,0.9972
ISIC_0029122,nv,nv,0.9999
ISIC_0034077,nv,nv,0.9876
ISIC_0032885,nv,mel,0.5556
ISIC_0033016,nv,nv,0.6332
ISIC_0032839,vasc,vasc,1.0
ISIC_0030838,nv,nv,0.9987
ISIC_0027942,nv,nv,0.8971
ISIC_0032683,nv,mel,0.9925
ISIC_0033922,nv,nv,0.987
ISIC_0027484,nv,nv,0.996
ISIC_0027790,vasc,vasc,0.9999
ISIC_0029098,nv,nv,0.9997
ISIC_0029035,bcc,bcc,0.9542
ISIC_0028403,nv,nv,0.9913
ISIC_0031016,bkl,bkl,0.9974
ISIC_0032246,bcc,akiec,0.9122
ISIC_0030560,nv,nv,0.9987
ISIC_0031217,vasc,vasc,1.0
ISIC_0033224,nv,mel,0.9792
ISIC_0026878,nv,nv,0.9997
ISIC_0032911,nv,nv,0.5366
ISIC_0032297,nv,nv,0.9998
ISIC_0024868,nv,nv,0.9995
ISIC_0031081,nv,nv,0.6736
ISIC_0028450,nv,nv,0.8165
ISIC_0029524,bcc,bcc,1.0
ISIC_0033941,nv,nv,0.9869
ISIC_0028448,bkl,bkl,0.9974
ISIC_0026316,bkl,bkl,0.9821
ISIC_0027186,nv,nv,0.8816
ISIC_0029939,nv,nv,0.9982
ISIC_0032001,nv,nv,1.0
ISIC_0025250,vasc,vasc,0.9793
ISIC_0030162,nv,nv,0.9999
ISIC_0032565,nv,mel,0.6928
ISIC_0026255,nv,nv,0.9998
ISIC_0029751,nv,nv,0.9493
ISIC_0028477,nv,nv,0.7113
ISIC_0032004,nv,nv,0.9999
ISIC_0029828,nv,bkl,0.5953
ISIC_0026789,df,df,1.0
ISIC_0031324,nv,nv,0.9999
ISIC_0027654,nv,nv,0.8876
ISIC_0029564,bcc,bcc,0.9728
ISIC_0026043,nv,nv,0.9591
ISIC_0032787,nv,nv,0.9995
ISIC_0030528,bcc,akiec,0.9304
ISIC_0028615,bkl,bkl,0.6553
ISIC_0025308,nv,nv,1.0
ISIC_0032076,vasc,vasc,1.0
ISIC_0025315,nv,nv,0.9995
ISIC_0024857,nv,nv,0.9373
ISIC_0033120,mel,mel,0.9775
ISIC_0032236,nv,nv,0.9997
ISIC_0033205,bcc,bcc,0.9999
ISIC_0028020,bkl,bkl,0.9334
ISIC_0026203,akiec,akiec,0.9999
ISIC_0026478,nv,nv,0.8743
ISIC_0027448,nv,nv,0.9974
ISIC_0025616,mel,bkl,0.903
ISIC_0028190,akiec,akiec,1.0
ISIC_0032601,nv,nv,0.6094
ISIC_0032654,bkl,bkl,0.9692
ISIC_0027094,bkl,bkl,0.9998
ISIC_0028087,mel,mel,0.9961
ISIC_0027949,nv,nv,0.5427
ISIC_0029242,mel,mel,0.9989
ISIC_0025590,nv,nv,0.9999
ISIC_0029786,nv,nv,0.9395
ISIC_0028837,nv,nv,0.9921
ISIC_0027077,nv,nv,0.8599
ISIC_0025844,nv,nv,1.0
ISIC_0027112,nv,nv,0.9961
ISIC_0024456,nv,nv,0.9996
ISIC_0028611,bkl,bcc,0.8288
ISIC_0032659,nv,nv,0.7365
ISIC_0029409,nv,nv,0.4953
ISIC_0029758,nv,nv,0.9999
ISIC_0024931,bcc,nv,0.9912
ISIC_0033874,mel,mel,0.558
ISIC_0030360,mel,akiec,0.4589
ISIC_0027983,vasc,vasc,0.9998
ISIC_0027108,nv,nv,0.954
ISIC_0032426,nv,nv,1.0
ISIC_0026743,nv,nv,0.8113
ISIC_0025057,nv,nv,0.9782
ISIC_0025877,nv,nv,1.0
ISIC_0029849,bkl,bkl,0.9882
ISIC_0030655,akiec,akiec,0.9999
ISIC_0025804,bkl,bkl,0.9935
ISIC_0031464,bkl,bkl,0.9913
ISIC_0031411,nv,nv,0.9182
ISIC_0026439,bcc,nv,0.5624
ISIC_0024788,nv,nv,0.9305
ISIC_0031643,bcc,bcc,0.9993
ISIC_0028996,nv,nv,0.9999
ISIC_0025825,akiec,akiec,1.0
ISIC_0026272,nv,nv,0.763
ISIC_0026881,nv,nv,0.9988
ISIC_0030714,akiec,akiec,0.9999
ISIC_0026033,nv,nv,0.9892
ISIC_0025407,nv,nv,0.9997
ISIC_0029199,nv,nv,0.993
ISIC_0031648,vasc,vasc,1.0
ISIC_0032062,nv,nv,0.9997
ISIC_0028371,nv,nv,0.9194
ISIC_0028051,mel,mel,0.9729
ISIC_0029959,nv,nv,0.9764
ISIC_0030985,nv,nv,0.9995
ISIC_0030757,df,df,0.9994
ISIC_0030061,nv,nv,0.878
ISIC_0033954,nv,nv,0.9932
ISIC_0028146,vasc,vasc,1.0
ISIC_0029706,nv,nv,0.9986
ISIC_0031851,bkl,bkl,0.9984
ISIC_0026087,nv,nv,0.9603
ISIC_0033906,nv,mel,0.5271
ISIC_0032056,nv,nv,0.9993
ISIC_0032193,nv,nv,0.6906
ISIC_0027807,nv,nv,0.9979
ISIC_0026490,vasc,vasc,1.0
ISIC_0025890,nv,nv,0.9973
ISIC_0025863,nv,nv,0.7177
ISIC_0031112,nv,nv,0.997
ISIC_0024744,nv,nv,0.9998
ISIC_0030973,nv,nv,0.9861
ISIC_0027201,nv,nv,0.9998
ISIC_0028713,nv,nv,0.6786
ISIC_0028956,nv,nv,0.9999
ISIC_0033136,nv,nv,0.9789
ISIC_0031323,nv,nv,0.7887
ISIC_0033709,bkl,bkl,0.9346
ISIC_0031751,nv,nv,0.997
ISIC_0032281,nv,mel,0.7134
ISIC_0032414,bcc,bkl,0.6849
ISIC_0028479,bkl,bkl,0.9969
ISIC_0025658,nv,nv,0.9894
ISIC_0032802,nv,nv,0.9773
ISIC_0031914,nv,nv,0.9999
ISIC_0025743,bkl,bkl,0.9883
ISIC_0029994,nv,mel,0.7341
ISIC_0033580,nv,nv,0.9392
ISIC_0032115,nv,nv,0.9998
ISIC_0033901,mel,mel,0.9688
ISIC_0026644,bkl,bkl,0.9989
ISIC_0032448,nv,nv,0.9993
ISIC_0029796,nv,nv,0.9938
ISIC_0030773,nv,nv,0.9959
ISIC_0025425,vasc,vasc,1.0
ISIC_0027492,nv,nv,0.6449
ISIC_0027219,bkl,bkl,0.7268
ISIC_0030472,nv,nv,0.9994
ISIC_0025577,akiec,akiec,0.9995
ISIC_0030064,nv,nv,0.6176
ISIC_0024405,nv,nv,0.9997
ISIC_0028488,nv,nv,0.705
ISIC_0033198,mel,mel,0.8729
ISIC_0028436,nv,nv,0.6903
ISIC_0028191,nv,nv,0.9999
ISIC_0029215,nv,nv,0.989
ISIC_0028159,nv,nv,0.889
ISIC_0027125,mel,mel,0.993
ISIC_0033117,mel,mel,0.9998
ISIC_0028613,nv,nv,1.0
ISIC_0031752,nv,nv,0.9997
ISIC_0031764,nv,nv,0.9998
ISIC_0031266,bcc,akiec,0.9526
ISIC_0030156,nv,nv,0.999
ISIC_0033381,nv,nv,0.8271
ISIC_0029161,bkl,bkl,0.9915
ISIC_0027713,bkl,bkl,0.8873
ISIC_0034297,nv,nv,0.9271
ISIC_0028510,nv,nv,0.9869
ISIC_0027047,akiec,akiec,0.9986
ISIC_0032097,nv,nv,1.0
ISIC_0028039,nv,nv,0.9998
ISIC_0024949,bcc,bcc,0.948
ISIC_0029802,bkl,bkl,0.999
ISIC_0025695,nv,nv,0.9888
ISIC_0025138,nv,nv,0.9992
ISIC_0033817,vasc,vasc,1.0
ISIC_0034255,bcc,bcc,0.9999
ISIC_0028201,bkl,bkl,0.9992
ISIC_0029389,nv,nv,0.9979
ISIC_0025000,nv,nv,0.9517
ISIC_0031351,bcc,bcc,0.9707
ISIC_0030204,nv,bkl,0.7599
ISIC_0029776,bkl,bkl,0.9994
ISIC_0029633,nv,bkl,0.9709
ISIC_0028542,bcc,bcc,0.9978
ISIC_0030588,nv,nv,0.9538
ISIC_0027426,nv,nv,1.0
ISIC_0030679,nv,nv,0.9994
ISIC_0033461,nv,nv,0.9602
ISIC_0025667,nv,nv,0.9832
ISIC_0034317,mel,nv,0.9893
ISIC_0027708,akiec,akiec,1.0
ISIC_0031490,nv,nv,0.9992
ISIC_0025399,nv,nv,0.9995
ISIC_0028116,nv,mel,0.7508
ISIC_0027392,bkl,bkl,0.9817
ISIC_0031462,nv,nv,0.792
ISIC_0026190,nv,nv,0.9699
ISIC_0028348,nv,nv,1.0
ISIC_0030057,nv,nv,0.9811
ISIC_0031006,nv,nv,0.9999
ISIC_0032064,nv,nv,0.9996
ISIC_0025919,nv,nv,0.9973
ISIC_0031931,mel,mel,0.986
ISIC_0031304,nv,nv,0.9794
ISIC_0024738,nv,nv,0.9999
ISIC_0027191,nv,nv,1.0
ISIC_0026407,nv,nv,0.9975
ISIC_0025197,vasc,vasc,0.9468
ISIC_0026853,mel,mel,0.9937
ISIC_0028208,nv,nv,0.9994
ISIC_0029437,nv,nv,0.9966
ISIC_0033959,nv,mel,0.9137
ISIC_0026781,nv,nv,0.5626
ISIC_0030700,bkl,bkl,0.9991
ISIC_0031837,nv,nv,0.9838
ISIC_0029169,nv,nv,0.8589
ISIC_0029028,mel,mel,0.9735
ISIC_0028647,nv,nv,1.0
ISIC_0027508,nv,nv,0.9995
ISIC_0026524,bkl,bkl,0.8371
ISIC_0029840,akiec,akiec,0.9998
ISIC_0025481,nv,nv,0.9987
ISIC_0031990,nv,nv,0.994
ISIC_0033683,nv,nv,0.999
ISIC_0030707,akiec,akiec,1.0
ISIC_0025757,nv,nv,0.9999
ISIC_0026866,nv,nv,0.7767
ISIC_0032833,mel,mel,0.9855
ISIC_0028794,nv,nv,0.9999
ISIC_0027172,akiec,akiec,1.0
ISIC_0026632,nv,bkl,0.6401
ISIC_0033700,mel,mel,0.9972
ISIC_0025014,nv,nv,0.8775
ISIC_0025477,nv,nv,0.9603
ISIC_0028096,nv,nv,0.9996
ISIC_0033644,mel,mel,0.9999
ISIC_0026404,nv,bkl,0.9802
ISIC_0025439,mel,mel,0.971
ISIC_0026438,mel,mel,0.878
ISIC_0032334,nv,mel,0.6145
ISIC_0027975,nv,nv,0.9677
ISIC_0024513,nv,nv,0.9924
ISIC_0028945,nv,bkl,0.7505
ISIC_0026980,nv,nv,1.0
ISIC_0031036,nv,nv,0.6695
ISIC_0030953,akiec,akiec,1.0
ISIC_0029925,nv,nv,1.0
ISIC_0027702,mel,mel,0.8825
ISIC_0024976,nv,nv,0.9997
ISIC_0030447,nv,nv,0.997
ISIC_0030051,nv,nv,0.9962
ISIC_0027119,nv,nv,0.9983
ISIC_0034000,mel,mel,0.9977
ISIC_0031508,nv,nv,0.9999
ISIC_0030050,nv,nv,0.9991
ISIC_0030948,nv,nv,0.988
ISIC_0032728,nv,nv,0.9986
ISIC_0029845,nv,nv,0.5103
ISIC_0024683,nv,nv,0.8631
ISIC_0026212,akiec,akiec,0.9984
ISIC_0034017,nv,nv,0.9809
ISIC_0027167,bkl,bkl,0.8344
ISIC_0031151,nv,bkl,0.8251
ISIC_0032099,bkl,bkl,0.7571
ISIC_0029875,nv,nv,0.9993
ISIC_0033306,bkl,mel,0.5304
ISIC_0031259,nv,nv,0.9258
ISIC_0031830,nv,nv,0.9951
ISIC_0030914,nv,nv,0.9615
ISIC_0030596,nv,nv,0.9971
ISIC_0025464,nv,nv,0.9996
ISIC_0026464,nv,nv,0.9999
ISIC_0025925,nv,nv,0.9991
ISIC_0032434,nv,nv,0.9999
ISIC_0029227,bkl,bkl,0.9556
ISIC_0030168,nv,nv,0.9972
ISIC_0032975,mel,mel,0.9886
ISIC_0025478,nv,nv,0.9989
ISIC_0030341,akiec,akiec,0.9995
ISIC_0031605,nv,nv,0.997
ISIC_0027718,nv,nv,0.9638
ISIC_0031336,nv,nv,0.9869
ISIC_0030476,nv,nv,1.0
ISIC_0026256,nv,nv,1.0
ISIC_0025532,nv,nv,0.9913
ISIC_0024639,nv,nv,0.9999
ISIC_0031533,nv,nv,0.9061
ISIC_0030898,mel,mel,0.9905
ISIC_0026491,nv,nv,0.6773
ISIC_0029991,bkl,bcc,0.7356
ISIC_0031918,akiec,akiec,0.9999
ISIC_0025597,nv,nv,0.6127
ISIC_0032781,nv,nv,0.9624
ISIC_0026264,nv,nv,0.774
ISIC_0029665,nv,nv,0.9872
ISIC_0030488,bkl,bkl,0.9923
ISIC_0031261,bkl,bkl,0.9897
ISIC_0027343,akiec,akiec,0.9997
ISIC_0031777,nv,nv,0.9922
ISIC_0033419,nv,nv,0.9985
ISIC_0026309,nv,nv,0.9993
ISIC_0025290,nv,nv,0.9955
ISIC_0024522,akiec,akiec,0.9943
ISIC_0025568,nv,nv,0.9861
ISIC_0033227,nv,nv,0.9516
ISIC_0034252,bkl,bkl,0.9993
ISIC_0024983,nv,nv,0.9996
ISIC_0029692,nv,nv,1.0
ISIC_0026602,nv,nv,1.0
ISIC_0032454,nv,nv,0.9999
ISIC_0031859,nv,nv,0.9993
ISIC_0028148,mel,mel,0.6459
ISIC_0025717,nv,nv,0.998
ISIC_0028729,nv,nv,0.9999
ISIC_0034014,nv,nv,0.6371
ISIC_0025511,nv,nv,0.9803
ISIC_0030056,bkl,bkl,0.9964
ISIC_0029542,nv,nv,0.9974
ISIC_0027413,nv,nv,0.9991
ISIC_0030084,nv,nv,0.9998
ISIC_0033456,akiec,akiec,0.9908
ISIC_0028514,nv,nv,0.9998
ISIC_0027350,mel,mel,0.7912
ISIC_0029407,nv,nv,1.0
ISIC_0025573,mel,mel,0.8616
ISIC_0029306,nv,nv,0.9978
ISIC_0032289,nv,nv,1.0
ISIC_0031964,nv,nv,0.9993
ISIC_0026365,bkl,bkl,0.971
ISIC_0029010,bkl,bkl,0.6422
ISIC_0031088,bkl,bkl,0.9919
ISIC_0034075,nv,nv,0.9044
ISIC_0024545,mel,mel,0.9982
ISIC_0031587,nv,nv,0.9994
ISIC_0025141,nv,mel,0.9744
ISIC_0030496,nv,nv,0.9997
ISIC_0029920,nv,nv,0.9975
ISIC_0028040,nv,nv,0.9958
ISIC_0033750,bkl,bkl,0.7341
ISIC_0028512,mel,mel,0.9613
ISIC_0031214,nv,nv,0.9993
ISIC_0026533,nv,nv,1.0
ISIC_0029076,nv,nv,0.9946
ISIC_0028092,nv,nv,0.9844
ISIC_0025382,nv,nv,0.9976
ISIC_0026516,mel,mel,0.989
ISIC_0030675,nv,nv,0.9067
ISIC_0030777,nv,nv,0.9904
ISIC_0028972,bkl,bkl,0.9641
ISIC_0026180,nv,nv,0.9996
ISIC_0029224,nv,nv,0.9996
ISIC_0029301,bkl,bkl,0.8502
ISIC_0026047,nv,nv,0.9993
ISIC_0029903,nv,nv,0.9997
ISIC_0030832,nv,nv,0.9999
ISIC_0033453,bkl,bkl,0.9569
ISIC_0030603,nv,mel,0.9532
ISIC_0032743,nv,nv,0.9708
ISIC_0030215,nv,nv,0.9996
ISIC_0029467,nv,nv,0.9997
ISIC_0026873,nv,nv,0.9999
ISIC_0029245,nv,nv,0.9941
ISIC_0031450,bcc,bcc,0.9599
ISIC_0026984,akiec,akiec,1.0
ISIC_0028966,nv,mel,0.9701
ISIC_0033595,mel,mel,0.9942
ISIC_0031961,bkl,bkl,0.9022
ISIC_0028463,mel,nv,0.886
ISIC_0025609,nv,nv,0.9991
ISIC_0029084,nv,nv,0.9996
ISIC_0029228,nv,nv,0.9998
ISIC_0028553,nv,nv,1.0
ISIC_0029914,mel,mel,0.8761
ISIC_0025162,nv,nv,0.9989
ISIC_0034218,mel,mel,0.9977
ISIC_0030748,nv,nv,0.932
ISIC_0029343,mel,mel,0.9815
ISIC_0024932,mel,mel,0.9552
ISIC_0025793,bcc,bcc,0.9968
ISIC_0033691,bkl,bkl,0.9903
ISIC_0031297,nv,nv,0.9723
ISIC_0025548,bkl,bkl,0.9384
ISIC_0031525,nv,nv,0.9997
ISIC_0032028,nv,bkl,0.9535
ISIC_0024684,nv,bkl,0.8893
ISIC_0029965,nv,nv,0.9996
ISIC_0030306,nv,nv,0.9999
ISIC_0033690,nv,nv,0.9602
ISIC_0025993,nv,nv,0.8246
ISIC_0028513,nv,nv,0.9079
ISIC_0032088,nv,nv,0.9993
ISIC_0032140,nv,bkl,0.5311
ISIC_0027440,nv,nv,0.9946
ISIC_0029483,nv,nv,0.9942
ISIC_0030444,nv,nv,0.9869
ISIC_0031368,mel,mel,0.8556
ISIC_0028606,nv,nv,0.9997
ISIC_0025972,nv,bkl,0.6658
ISIC_0030030,nv,nv,0.962
ISIC_0030562,nv,nv,0.9997
ISIC_0030726,nv,nv,0.9976
ISIC_0029718,nv,nv,0.9975
ISIC_0032696,bcc,bcc,1.0
ISIC_0034311,nv,nv,0.5122
ISIC_0028582,mel,mel,0.9823
ISIC_0031655,nv,nv,0.9992
ISIC_0033935,nv,nv,0.9347
ISIC_0028417,nv,nv,0.9583
ISIC_0028838,nv,nv,0.9855
ISIC_0031000,bkl,akiec,0.9986
ISIC_0029606,mel,mel,0.9926
ISIC_0030141,nv,nv,0.9997
ISIC_0026283,nv,nv,0.9847
ISIC_0028194,nv,nv,0.9819
ISIC_0027957,bkl,bkl,0.8856
ISIC_0034112,nv,nv,0.508
ISIC_0027497,nv,nv,0.6672
ISIC_0025644,bcc,bcc,1.0
ISIC_0029425,bkl,mel,0.8477
ISIC_0028750,bkl,bkl,0.9798
ISIC_0029402,nv,mel,0.7062
ISIC_0025698,nv,nv,0.9998
ISIC_0032164,bcc,bcc,0.9044
ISIC_0033776,bkl,bkl,0.9997
ISIC_0024558,nv,nv,0.9935
ISIC_0026905,akiec,akiec,0.9999
ISIC_0029232,bkl,bkl,0.9999
ISIC_0026947,bkl,bkl,0.8508
ISIC_0028127,mel,mel,0.9997
ISIC_0027059,nv,nv,1.0
ISIC_0024381,bkl,bkl,0.8928
ISIC_0024498,bkl,bkl,0.9988
ISIC_0025405,nv,nv,0.9989
ISIC_0026838,nv,nv,0.9995
ISIC_0024388,nv,nv,0.93
ISIC_0024665,bcc,akiec,0.5363
ISIC_0027222,nv,nv,0.9988
ISIC_0030830,df,df,1.0
ISIC_0026031,nv,nv,0.9999
ISIC_0027155,mel,mel,0.9923
ISIC_0024519,nv,nv,0.6477
ISIC_0033001,bcc,bcc,0.9998
ISIC_0024356,nv,nv,0.9762
ISIC_0025845,nv,nv,0.9986
ISIC_0026003,nv,nv,0.9986
ISIC_0029694,nv,nv,0.9999
ISIC_0027157,nv,nv,0.9755
ISIC_0028231,akiec,akiec,0.9998
ISIC_0025489,mel,mel,0.9665
ISIC_0031831,bkl,bkl,0.9972
ISIC_0028814,bcc,bcc,1.0
ISIC_0028706,nv,nv,0.8867
ISIC_0027324,nv,df,0.836
ISIC_0030028,nv,nv,0.9953
ISIC_0033154,mel,mel,0.9725
ISIC_0033834,mel,mel,0.9983
ISIC_0032087,nv,nv,0.9955
ISIC_0030288,nv,nv,0.9999
ISIC_0032736,mel,mel,0.9988
ISIC_0031193,nv,nv,0.9998
ISIC_0026427,nv,nv,0.995
ISIC_0031957,mel,bkl,0.887
ISIC_0025883,bkl,bkl,0.9659
ISIC_0024435,bkl,bkl,0.9838
ISIC_0031200,bkl,bkl,0.9211
ISIC_0030663,nv,mel,0.948
ISIC_0025311,nv,nv,0.9999
ISIC_0033449,bkl,bkl,0.944
ISIC_0027120,bcc,bcc,0.9747
ISIC_0032290,bcc,bcc,0.9991
ISIC_0027135,bcc,bcc,0.9995
ISIC_0026992,akiec,akiec,0.9962
ISIC_0032567,bkl,bkl,1.0
ISIC_0027330,nv,nv,0.9602
ISIC_0033173,nv,nv,0.936
ISIC_0028836,nv,nv,0.9893
ISIC_0024712,nv,nv,0.9994
ISIC_0030628,nv,nv,0.9995
ISIC_0026910,nv,nv,0.9998
ISIC_0031062,bcc,bcc,0.9954
ISIC_0024992,nv,nv,0.9994
ISIC_0030619,nv,nv,0.9948
ISIC_0029094,mel,akiec,0.6685
ISIC_0029516,nv,nv,0.9626
ISIC_0034158,nv,nv,0.9834
ISIC_0027435,bkl,bkl,0.8644
ISIC_0027994,nv,nv,0.8047
ISIC_0032867,vasc,vasc,1.0
ISIC_0029297,df,df,0.9789
ISIC_0031839,nv,nv,0.9793
ISIC_0027351,nv,nv,0.5992
ISIC_0026959,bkl,bkl,0.9974
ISIC_0032437,akiec,akiec,1.0
ISIC_0027054,nv,nv,0.9997
ISIC_0031862,nv,nv,0.9997
ISIC_0029589,nv,nv,0.7061
ISIC_0031996,vasc,vasc,1.0
ISIC_0026371,nv,nv,0.9745
ISIC_0030525,nv,nv,0.9947
ISIC_0032840,mel,mel,0.8305
ISIC_0033611,mel,mel,0.9935
ISIC_0029018,nv,nv,0.9995
ISIC_0027591,nv,nv,0.9992
ISIC_0025245,nv,mel,0.7038
ISIC_0030373,nv,nv,0.9978
ISIC_0027592,nv,nv,0.9997
ISIC_0032258,mel,bkl,0.2932
ISIC_0029316,mel,mel,0.8931
ISIC_0027813,nv,nv,1.0
ISIC_0033486,bkl,bkl,0.9996
ISIC_0027065,mel,mel,0.9041
ISIC_0030659,bcc,bcc,0.996
ISIC_0032948,nv,nv,0.7665
ISIC_0029421,nv,nv,0.9976
ISIC_0031546,nv,nv,0.9977
ISIC_0031618,nv,nv,0.9942
ISIC_0031842,nv,nv,0.9998
ISIC_0031233,mel,mel,0.8137
ISIC_0026433,bcc,bcc,0.9643
ISIC_0033189,nv,mel,0.8523
ISIC_0027328,mel,mel,0.9967
ISIC_0032941,df,df,0.9999
ISIC_0029733,nv,bkl,0.6458
ISIC_0032868,nv,nv,0.9698
ISIC_0033236,nv,nv,0.798
ISIC_0033675,df,df,0.9999
ISIC_0031985,nv,nv,0.98
ISIC_0027388,bkl,bkl,0.862
ISIC_0029804,nv,nv,1.0
ISIC_0027026,bkl,bkl,0.9816
ISIC_0025847,nv,nv,0.7782
ISIC_0024571,mel,mel,0.9554
ISIC_0029667,nv,nv,0.9996
ISIC_0025784,nv,nv,0.8174
ISIC_0033279,mel,mel,0.991
ISIC_0028387,nv,nv,0.9941
ISIC_0025213,nv,nv,1.0
ISIC_0029612,bkl,bkl,0.9929
ISIC_0027231,akiec,akiec,0.9992
ISIC_0027817,nv,nv,0.9998
ISIC_0027971,nv,nv,0.9999
ISIC_0025314,df,df,1.0
ISIC_0031954,nv,nv,0.9968
ISIC_0027339,nv,nv,0.9997
ISIC_0030964,bcc,bcc,0.9767
ISIC_0025966,nv,nv,0.9971
ISIC_0027001,nv,nv,0.9999
ISIC_0033121,nv,mel,0.978
ISIC_0034298,nv,bkl,0.4554
ISIC_0027546,bcc,bcc,0.9999
ISIC_0033018,nv,nv,0.7916
ISIC_0032759,nv,nv,0.9933
ISIC_0033978,nv,nv,0.8148
ISIC_0033457,nv,nv,0.6585
ISIC_0030182,nv,nv,0.9879
ISIC_0027349,nv,nv,0.9943
ISIC_0033327,nv,mel,0.6277
ISIC_0027556,nv,nv,0.9995
ISIC_0030033,nv,nv,0.8576
ISIC_0033717,mel,mel,0.9879
ISIC_0033856,mel,mel,0.9995
ISIC_0029401,nv,nv,0.6765
ISIC_0030323,bkl,bkl,0.7904
ISIC_0028559,nv,nv,0.8628
ISIC_0028227,mel,akiec,0.4913
ISIC_0029974,bcc,bcc,0.9999
ISIC_0028280,nv,nv,0.9921
ISIC_0028446,nv,nv,0.8905
ISIC_0029003,bkl,bkl,0.9847
ISIC_0026764,nv,nv,0.9854
ISIC_0029337,bcc,bcc,0.9998
ISIC_0031211,akiec,akiec,0.9999
ISIC_0027563,vasc,vasc,0.9999
ISIC_0026044,bkl,bkl,0.6267
ISIC_0026665,nv,nv,0.9972
ISIC_0026945,nv,nv,0.9995
ISIC_0025366,bkl,nv,0.9155
ISIC_0028807,bcc,bcc,0.9987
ISIC_0028475,nv,nv,0.9995
ISIC_0032729,nv,nv,0.8761
ISIC_0026474,nv,nv,0.9998
ISIC_0026780,nv,nv,0.9998
ISIC_0032405,nv,nv,0.857
ISIC_0026311,bkl,bkl,0.9976
ISIC_0025909,nv,mel,0.6647
ISIC_0025459,nv,nv,1.0
ISIC_0032591,nv,nv,0.9551
ISIC_0025974,nv,nv,1.0
ISIC_0027317,nv,nv,1.0
ISIC_0026368,nv,nv,1.0
ISIC_0027329,nv,nv,0.9999
ISIC_0030259,nv,nv,1.0
ISIC_0030417,mel,bkl,0.5124
ISIC_0025713,nv,nv,0.5479
ISIC_0025519,bkl,akiec,0.9938
ISIC_0026930,mel,mel,0.9799
ISIC_0029431,nv,nv,0.9998
ISIC_0029622,nv,nv,0.9979
ISIC_0032376,nv,nv,0.9934
ISIC_0029287,nv,nv,1.0
ISIC_0028888,nv,nv,0.9171
ISIC_0026338,nv,nv,0.9963
ISIC_0028779,nv,nv,0.9858
ISIC_0032318,bcc,bcc,0.954
ISIC_0034251,nv,nv,0.8205
ISIC_0027961,nv,nv,0.9983
ISIC_0030195,nv,nv,0.9822
ISIC_0030229,nv,akiec,0.9302
ISIC_0031127,nv,nv,0.9946
ISIC_0033917,nv,nv,0.7025
ISIC_0028756,nv,nv,0.9709
ISIC_0028618,nv,nv,0.9889
ISIC_0024782,bkl,bkl,0.989
ISIC_0029653,nv,nv,0.9893
ISIC_0026465,nv,nv,0.999
ISIC_0030614,nv,nv,1.0
ISIC_0028365,nv,nv,0.5139
ISIC_0031798,nv,nv,0.9651
ISIC_0025210,nv,nv,0.9514
ISIC_0029325,nv,nv,0.9973
ISIC_0029891,df,df,0.9999
ISIC_0027666,nv,nv,0.9949
ISIC_0034164,nv,nv,0.6596
ISIC_0027214,nv,nv,0.9996
ISIC_0033230,vasc,vasc,0.7757
ISIC_0034173,mel,mel,0.9983
ISIC_0031867,nv,mel,0.5776
ISIC_0030890,nv,nv,0.9899
ISIC_0030842,nv,nv,0.9744
ISIC_0025117,nv,nv,0.9534
ISIC_0024790,nv,nv,0.5555
ISIC_0027103,nv,nv,0.9281
ISIC_0032573,nv,nv,0.9245
ISIC_0027545,bcc,bcc,0.9839
ISIC_0031520,bcc,bcc,0.5836
ISIC_0032122,nv,nv,0.9999
ISIC_0026825,nv,bkl,0.4264
ISIC_0026503,nv,nv,1.0
ISIC_0029774,nv,nv,0.9999
ISIC_0034147,nv,nv,0.9802
ISIC_0032930,nv,nv,0.9994
ISIC_0024884,nv,nv,0.9962
ISIC_0026593,bcc,bcc,0.999
ISIC_0028160,nv,nv,1.0
ISIC_0027489,nv,nv,0.9951
ISIC_0033714,nv,nv,0.9978
ISIC_0026064,nv,nv,0.9771
ISIC_0026643,bcc,bcc,0.9983
ISIC_0030763,nv,nv,0.9996
ISIC_0026067,nv,nv,0.9494
ISIC_0029763,nv,nv,0.9999
ISIC_0032111,bkl,bkl,0.9966
ISIC_0030957,nv,nv,0.9999
ISIC_0028911,nv,nv,0.9998
ISIC_0025627,bkl,bkl,0.9926
ISIC_0032929,bkl,mel,0.6857
ISIC_0033210,nv,nv,0.6755
ISIC_0028453,nv,vasc,0.6374
ISIC_0029390,nv,nv,0.4398
ISIC_0030874,nv,nv,0.9995
ISIC_0030260,nv,bkl,0.648
ISIC_0029921,nv,nv,0.9996
ISIC_0033477,mel,mel,0.8661
ISIC_0026065,nv,nv,0.9984
ISIC_0028554,nv,nv,0.8988
ISIC_0025408,nv,nv,0.9999
ISIC_0029138,nv,nv,0.9852
ISIC_0032517,mel,mel,0.9972
ISIC_0034286,nv,nv,0.9948
ISIC_0030354,nv,nv,0.9463
ISIC_0032089,nv,nv,1.0
ISIC_0029637,nv,nv,0.9998
ISIC_0032185,bcc,bcc,0.9999
ISIC_0025807,vasc,vasc,0.9999
ISIC_0033944,nv,mel,0.6005
ISIC_0029067,akiec,akiec,0.9968
ISIC_0030015,df,mel,0.6457
ISIC_0030301,nv,nv,0.9998
ISIC_0033188,nv,nv,0.9999
ISIC_0026754,mel,mel,0.9986
ISIC_0027173,nv,nv,0.9998
ISIC_0031882,nv,nv,1.0
ISIC_0031264,nv,nv,0.9999
ISIC_0033182,nv,nv,0.6292
ISIC_0030605,bkl,bkl,0.832
ISIC_0026089,mel,mel,0.7554
ISIC_0024732,mel,mel,0.9983
ISIC_0032227,nv,nv,0.9714
ISIC_0027703,nv,nv,0.9929
ISIC_0030054,nv,nv,0.9989
ISIC_0025152,nv,nv,0.9948
ISIC_0027786,bcc,bcc,0.5703
ISIC_0034117,mel,mel,0.9923
ISIC_0024669,vasc,vasc,1.0
ISIC_0027062,nv,nv,0.6753
ISIC_0029682,bkl,bkl,0.9879
ISIC_0024401,nv,nv,1.0
ISIC_0031137,nv,nv,0.9975
ISIC_0025791,mel,mel,0.6092
ISIC_0028555,bkl,bkl,0.9974
ISIC_0030309,nv,nv,0.873
ISIC_0031736,nv,nv,0.74
ISIC_0033421,nv,nv,0.979
ISIC_0026358,nv,nv,0.9289
ISIC_0032653,mel,nv,0.9388
ISIC_0026634,bkl,bkl,0.9959
ISIC_0026458,mel,mel,0.9942
ISIC_0026317,nv,nv,1.0
ISIC_0033161,nv,nv,0.7293
ISIC_0029450,nv,nv,0.9893
ISIC_0024866,nv,nv,0.9999
ISIC_0024730,nv,mel,0.9026
ISIC_0032708,nv,nv,0.736
ISIC_0024479,nv,nv,0.5352
ISIC_0031241,nv,nv,0.9815
ISIC_0028271,nv,nv,0.8373
ISIC_0024787,bcc,bcc,1.0
ISIC_0025709,mel,mel,0.9333
ISIC_0024638,nv,nv,0.9856
ISIC_0028019,nv,nv,0.9996
ISIC_0030535,nv,nv,0.5921
ISIC_0033953,mel,mel,0.9708
ISIC_0031962,nv,nv,0.9994
ISIC_0028056,mel,mel,0.9909
ISIC_0032878,nv,nv,0.9723
ISIC_0034037,bkl,bkl,0.8899
ISIC_0026961,bkl,mel,0.4282
ISIC_0027663,mel,mel,0.6427
ISIC_0028302,nv,nv,0.9927
ISIC_0025001,nv,nv,0.9995
ISIC_0028322,nv,nv,0.9997
ISIC_0030397,nv,nv,0.9946
ISIC_0025419,bkl,bkl,0.9935
ISIC_0025802,nv,nv,0.9999
ISIC_0032316,bcc,bcc,0.9204
ISIC_0033030,nv,nv,0.7982
ISIC_0029078,nv,nv,0.9878
ISIC_0030326,nv,nv,0.8055
ISIC_0027553,nv,nv,0.9993
ISIC_0028826,bkl,bkl,0.996
ISIC_0034033,nv,nv,0.9277
ISIC_0032539,nv,nv,0.9881
ISIC_0031794,nv,bkl,0.9548
ISIC_0032958,mel,mel,0.9955
ISIC_0028059,bcc,bcc,1.0
ISIC_0032325,bkl,bkl,0.9999
ISIC_0028097,nv,nv,0.9999
ISIC_0032864,nv,nv,0.9214
ISIC_0028462,nv,nv,0.9581
ISIC_0028858,bcc,bcc,0.9913
ISIC_0026213,bcc,bcc,1.0
ISIC_0032791,nv,nv,0.902
ISIC_0027731,nv,nv,0.9341
ISIC_0032890,vasc,vasc,0.9998
ISIC_0028374,nv,nv,0.999
ISIC_0027548,nv,nv,0.9444
ISIC_0030586,akiec,bkl,0.5813
ISIC_0024984,bcc,bcc,0.9999
ISIC_0033217,mel,mel,0.9843
ISIC_0034062,mel,mel,0.9513
ISIC_0024362,nv,nv,0.9997
ISIC_0032091,nv,nv,0.8839
ISIC_0028970,bkl,bkl,0.9988
ISIC_0034079,nv,mel,0.5223
ISIC_0033722,bkl,bkl,0.9453
ISIC_0028129,nv,nv,0.9995
ISIC_0027701,nv,nv,1.0
ISIC_0026016,bkl,bkl,0.971
ISIC_0028004,nv,nv,0.999
ISIC_0028048,nv,nv,0.9908
ISIC_0024385,nv,nv,0.9994
ISIC_0033475,nv,nv,0.8905
ISIC_0030394,bkl,bkl,0.9927
ISIC_0027744,bcc,bcc,0.8141
ISIC_0029206,bkl,bkl,0.9974
ISIC_0028932,nv,nv,0.9868
ISIC_0027533,bkl,bkl,0.9871
ISIC_0030146,nv,nv,0.9999
ISIC_0032694,bkl,bkl,0.6671
ISIC_0025073,nv,nv,0.9047
ISIC_0029810,bkl,bkl,0.9993
ISIC_0026761,nv,bkl,0.5792
ISIC_0031823,akiec,akiec,1.0
ISIC_0028772,nv,nv,0.9988
ISIC_0026304,nv,nv,0.9725
ISIC_0032220,mel,mel,0.7526
ISIC_0026248,bkl,bkl,0.9991
ISIC_0033837,nv,nv,0.895
ISIC_0025727,nv,nv,1.0
ISIC_0024783,nv,nv,0.9537
ISIC_0030814,nv,nv,0.9964
ISIC_0034012,mel,mel,0.9895
ISIC_0024767,mel,mel,0.9944
ISIC_0032785,nv,nv,0.9957
ISIC_0024840,nv,nv,1.0
ISIC_0030638,nv,nv,1.0
ISIC_0024371,bkl,bkl,0.9943
ISIC_0026559,nv,bkl,0.6417
ISIC_0025299,bcc,bcc,1.0
ISIC_0026124,nv,nv,0.8053
ISIC_0031387,nv,nv,0.9866
ISIC_0024692,nv,nv,0.9866
ISIC_0030466,nv,nv,0.9977
ISIC_0033059,nv,nv,0.9056
ISIC_0025293,nv,nv,0.9974
ISIC_0032344,nv,nv,0.9971
ISIC_0028781,nv,nv,1.0
ISIC_0029468,nv,nv,1.0
ISIC_0033048,nv,mel,0.8895
ISIC_0033187,nv,nv,0.5046
ISIC_0028083,nv,nv,1.0
ISIC_0031869,nv,nv,0.9995
ISIC_0026577,nv,bkl,0.9628
ISIC_0032170,bkl,nv,0.9924
ISIC_0028752,nv,nv,0.9995
ISIC_0024583,nv,nv,0.9973
ISIC_0031098,nv,nv,0.9992
ISIC_0026062,nv,nv,0.9997
ISIC_0024970,bkl,bkl,0.981
ISIC_0033678,mel,mel,0.9999
ISIC_0030112,nv,nv,0.9999
ISIC_0026940,bcc,bcc,1.0
ISIC_0025608,nv,nv,1.0
ISIC_0031888,bkl,bkl,0.9591
ISIC_0025886,nv,nv,0.9998
ISIC_0028238,bcc,bcc,0.9844
ISIC_0029377,nv,nv,0.9999
ISIC_0031992,nv,nv,1.0
ISIC_0033697,nv,nv,0.9885
ISIC_0027963,nv,nv,0.5618
ISIC_0030771,nv,bkl,0.4858
ISIC_0029698,mel,akiec,0.7891
ISIC_0033891,df,df,1.0
ISIC_0029269,nv,nv,0.9804
ISIC_0034043,nv,nv,0.9239
ISIC_0029958,mel,bkl,0.7669
ISIC_0030151,nv,bkl,0.9867
ISIC_0032646,nv,mel,0.9323
ISIC_0024803,nv,nv,0.996
ISIC_0032114,df,df,1.0
ISIC_0031677,bkl,bkl,0.7861
ISIC_0032044,mel,mel,0.9989
ISIC_0031332,nv,nv,0.9848
ISIC_0025786,nv,nv,0.9892
ISIC_0029112,nv,nv,1.0
ISIC_0025750,nv,nv,0.9951
ISIC_0028474,nv,nv,0.9999
ISIC_0028469,nv,nv,0.9996
ISIC_0027074,nv,nv,0.9999
ISIC_0033125,mel,mel,0.9996
ISIC_0030402,nv,nv,0.961
ISIC_0026904,nv,nv,0.9998
ISIC_0028037,nv,nv,0.9991
ISIC_0027028,nv,nv,0.9999
ISIC_0031735,df,df,0.8814
ISIC_0030859,nv,nv,0.9992
ISIC_0030375,akiec,akiec,1.0
ISIC_0027091,nv,nv,0.9337
ISIC_0032374,nv,nv,0.4487
ISIC_0027250,nv,nv,0.9337
ISIC_0027396,nv,nv,0.9999
ISIC_0032738,nv,mel,0.8753
ISIC_0029091,nv,nv,0.9282
ISIC_0027482,nv,nv,0.9965
ISIC_0026337,bcc,bcc,1.0
ISIC_0027972,nv,nv,0.9884
ISIC_0033706,nv,nv,0.529
ISIC_0031947,nv,nv,0.9849
ISIC_0030582,nv,nv,0.9999
ISIC_0032639,nv,nv,0.8698
ISIC_0030344,akiec,akiec,0.9979
ISIC_0025870,nv,nv,0.8712
ISIC_0029400,nv,nv,0.9996
ISIC_0033211,nv,nv,0.6067
ISIC_0024546,mel,mel,0.9982
ISIC_0025570,nv,nv,0.9993
ISIC_0025392,bkl,bkl,0.9185
ISIC_0028684,nv,nv,0.7768
ISIC_0027218,bkl,bkl,0.9845
ISIC_0030185,nv,nv,0.9962
ISIC_0030634,nv,nv,0.993
ISIC_0028975,nv,nv,0.9981
ISIC_0024390,nv,nv,0.9964
ISIC_0032820,nv,mel,0.7946
ISIC_0032108,nv,nv,1.0
ISIC_0033320,mel,mel,0.9907
ISIC_0027728,nv,nv,0.999
ISIC_0028215,mel,mel,0.846
ISIC_0026161,nv,nv,0.9998
ISIC_0032037,nv,nv,0.9991
ISIC_0025702,nv,nv,0.9455
ISIC_0027518,nv,nv,1.0
ISIC_0030889,nv,nv,1.0
ISIC_0025030,bkl,bkl,0.9816
ISIC_0028789,nv,nv,0.9998
ISIC_0025232,nv,nv,0.9965
ISIC_0026944,nv,nv,0.8409
ISIC_0031269,nv,nv,0.9528
ISIC_0027182,nv,nv,0.9984
ISIC_0028027,nv,nv,0.9928
ISIC_0026416,bkl,bkl,0.9996
ISIC_0029626,nv,nv,0.9948
ISIC_0029235,bkl,bkl,0.8186
ISIC_0027187,mel,bkl,0.9407
ISIC_0031614,bcc,bkl,0.4937
ISIC_0027079,nv,nv,0.9998
ISIC_0026185,nv,nv,0.9995
ISIC_0028498,nv,bkl,0.9723
ISIC_0031740,nv,nv,0.9995
ISIC_0033152,mel,nv,0.9173
ISIC_0028000,nv,nv,0.9999
ISIC_0027746,nv,nv,0.9989
ISIC_0029834,nv,nv,0.9998
ISIC_0029459,nv,nv,0.7527
ISIC_0033542,nv,nv,0.9999
ISIC_0026749,nv,nv,0.9994
ISIC_0025652,nv,nv,0.9897
ISIC_0030916,nv,nv,1.0
ISIC_0033300,mel,mel,0.9946
ISIC_0028997,nv,nv,0.9975
ISIC_0031275,nv,nv,0.9996
ISIC_0025112,nv,nv,0.7385
ISIC_0030004,nv,nv,0.9998
ISIC_0025283,nv,nv,0.9999
ISIC_0031494,mel,mel,0.947
ISIC_0029447,nv,nv,0.9769
ISIC_0024534,nv,bkl,0.5107
ISIC_0034096,nv,nv,0.7812
ISIC_0034227,nv,nv,0.9788
ISIC_0025645,nv,nv,0.9911
ISIC_0031997,nv,nv,0.9994
ISIC_0033964,nv,nv,0.9994
ISIC_0026415,nv,nv,0.999
ISIC_0031359,nv,nv,0.3645
ISIC_0027516,nv,nv,0.999
ISIC_0025470,bkl,bkl,0.9991
ISIC_0030442,df,df,0.9999
ISIC_0025182,akiec,akiec,0.9999
ISIC_0026042,bkl,bkl,0.9997
ISIC_0025741,nv,nv,0.9998
ISIC_0029671,nv,nv,0.5806
ISIC_0026055,nv,nv,0.975
ISIC_0027142,bkl,bkl,0.944
